{
  "devnet": [
    {
      "symbol": "BTC/USDC",
      "market": "DW83EpHFywBxCHmyARxwj3nzxJd7MUdSeznmrdzZKNZB",
      "baseMint": "3UNBZ6o52WTWwjac2kPUb4FyodhU1vFkRJheu1Sh2TvU",
      "baseSymbol": "BTC",
      "baseDecimals": 6,
      "quoteMint": "8FRFC6MoGGkMFQwngccyu69VnYbzykGeez7ignHVAFSN",
      "quoteSymbol": "USDC",
      "quoteDecimals": 6,
      "requestQueue": "GBXcm2t49RoQQ27TrrgAnYrPpDzW7KcANdFY1qnogjtY",
      "eventQueue": "CQxwLPMoqAwi5wcfkULzF6Fwh7cf4Aiz8tR6DY4NNCN1",
      "bids": "PuDcnQDEpoR3WwVAi8PqnHJxHbVEwiusM4PnyHEykFT",
      "asks": "998DHpQmViDq67vMFKYYXgaHs3CJ5YHEBQSoiwxCjsCW"
    },
    {
      "symbol": "ETH/USDC",
      "market": "BkAraCyL9TTLbeMY3L1VWrPcv32DvSi5QDDQjik1J6Ac",
      "baseMint": "Cu84KB3tDL6SbFgToHMLYVDJJXdJjenNzSKikeAvzmkA",
      "baseSymbol": "ETH",
      "baseDecimals": 6,
      "quoteMint": "8FRFC6MoGGkMFQwngccyu69VnYbzykGeez7ignHVAFSN",
      "quoteSymbol": "USDC",
      "quoteDecimals": 6,
      "requestQueue": "9hzYZxqP4itrzPPSCSqPGkSbkbSE2gqri4kw5mWQ2Jj1",
      "eventQueue": "F43gimmdvBPQoGA4eDxt2N2ooiYWHvQ8pEATrtsArKuC",
      "bids": "ETf3PZi9VaBsfpMU5e3SAn4SMjkaM6tyrn2Td9N2kSRx",
      "asks": "3pfYeG2GKSh8SSZJEEwjYqgaHwYkq5vvSDET2M33nQAf"
    },
    {
      "symbol": "FTT/USDC",
      "market": "CiN2BzCaThxLRDALeMq3GJGR24MQhdBWmHHjitW74oST",
      "baseMint": "Fxh4bpZnRCnpg2vcH11ttmSTDSEeC5qWbPRZNZWnRnqY",
      "baseSymbol": "FTT",
      "baseDecimals": 6,
      "quoteMint": "8FRFC6MoGGkMFQwngccyu69VnYbzykGeez7ignHVAFSN",
      "quoteSymbol": "USDC",
      "quoteDecimals": 6,
      "requestQueue": "HYxDPSHqkgSKgzTeJj7UTfvVBjJRRGdwLXx2Qxb96JMU",
      "eventQueue": "Fh4JNfLpNRDDYnNBPUUHjQLYih6hFcP4wwMQNQz3tBiD",
      "bids": "JCkuoUPnVAvXKySpcJVm8PDR1KUm45njKPuPg8w1ePo1",
      "asks": "GoUZsqQRMvkkNTJ4EgjzjUamWc9ayd3ztkjv5GeWoG4Q"
    },
    {
      "symbol": "MNGO/USDC",
      "market": "8W8Hrj16TZhM4RrFzHBuyWGbh396ig3hJtLPJRGmxPVG",
      "baseMint": "Bb9bsTQa1bGEtQ5KagGkvSHyuLqDWumFUcRqFusFNJWC",
      "baseSymbol": "MNGO",
      "baseDecimals": 6,
      "quoteMint": "8FRFC6MoGGkMFQwngccyu69VnYbzykGeez7ignHVAFSN",
      "quoteSymbol": "USDC",
      "quoteDecimals": 6,
      "requestQueue": "Fst3AVvR12jU5HtRZKHFqUZHBkx3AiJ4E7tvgJLwM3Yy",
      "eventQueue": "5vE1a72aw1Hi6JR8sK6ny9mRetWExkryYVxPFQ7zNGY2",
      "bids": "Diynh714TQsx3qP2bsUuKZk8P31UtKWS9xU6jAZ7A97q",
      "asks": "EhgGeUyv42vZkfWTi2Bxk53cUEW9WWDWrt3qURo8Jfzm"
    },
    {
      "symbol": "RAY/USDC",
      "market": "5xhm43GzigfEh8XAo5PwgoKK3gFkRr2PUgzWAmLzUTv2",
      "baseMint": "3YFQ7UYJ7sNGpXTKBxM3bYLVxKpzVudXAe4gLExh5b3n",
      "baseSymbol": "RAY",
      "baseDecimals": 6,
      "quoteMint": "8FRFC6MoGGkMFQwngccyu69VnYbzykGeez7ignHVAFSN",
      "quoteSymbol": "USDC",
      "quoteDecimals": 6,
      "requestQueue": "HBXhrgWQ6D8jZVHPk2eRWcHtgoFqEiMkxUf8xqaxwqrf",
      "eventQueue": "DgojAawYqQqp4Wn9RwahP6yXMNGXsAtBfnoLNqNaWeLy",
      "bids": "BVDy8YmnbVtfidu8N5YJBDoHXf7vn5B6xnsV6ZLFnFdD",
      "asks": "4QpxvtDNetYt4pbC8Ng66i6BZdkJEEtSux8HVdGKZbxh"
    },
    {
      "symbol": "SOL/USDC",
      "market": "5xWpt56U1NCuHoAEtpLeUrQcxDkEpNfScjfLFaRzLPgR",
      "baseMint": "So11111111111111111111111111111111111111112",
      "baseSymbol": "SOL",
      "baseDecimals": 9,
      "quoteMint": "8FRFC6MoGGkMFQwngccyu69VnYbzykGeez7ignHVAFSN",
      "quoteSymbol": "USDC",
      "quoteDecimals": 6,
      "requestQueue": "4hm9fSbga3vosq4K4czPFwy1tmigc4io4ZLJqgC2s4Yv",
      "eventQueue": "48be6VKEq86awgUjfvbKDmEzXr4WNR7hzDxfF6ZPptmd",
      "bids": "8ezpneRznTJNZWFSLeQvtPCagpsUVWA7djLSzqp3Hx4p",
      "asks": "8gJhxSwbLJkDQbqgzbJ6mDvJYnEVWB6NHWEN9oZZkwz7"
    },
    {
      "symbol": "SRM/USDC",
      "market": "249LDNPLLL29nRq8kjBTg9hKdXMcZf4vK2UvxszZYcuZ",
      "baseMint": "AvtB6w9xboLwA145E221vhof5TddhqsChYcx7Fy3xVMH",
      "baseSymbol": "SRM",
      "baseDecimals": 6,
      "quoteMint": "8FRFC6MoGGkMFQwngccyu69VnYbzykGeez7ignHVAFSN",
      "quoteSymbol": "USDC",
      "quoteDecimals": 6,
      "requestQueue": "FEF2TaT1a3HPxe9in6URC8JWkQgBnXKUDd3dCZraXdor",
      "eventQueue": "F66CSYP3TgxGjVongBJ7Cjbiq9j267Keos7cUUUbBZx7",
      "bids": "5p39nxjdx9RXDVjSwTaej9oUgiLHeV8tfUn7PJoJRLgu",
      "asks": "2sxkmiwvaMNtuh7eFQPMycJHrwrcJixDASXQFJx79y6C"
    },
    {
      "symbol": "USDT/USDC",
      "market": "E7ch7T7v4DTHcc2YF6ioQow4UPfubbSdpgYqyxoEhiMu",
      "baseMint": "DAwBSXe6w9g37wdE2tCrFbho3QHKZi4PjuBytQCULap2",
      "baseSymbol": "USDT",
      "baseDecimals": 6,
      "quoteMint": "8FRFC6MoGGkMFQwngccyu69VnYbzykGeez7ignHVAFSN",
      "quoteSymbol": "USDC",
      "quoteDecimals": 6,
      "requestQueue": "H6s9h9FvYYQiG3wk3VpHMrcqVbAUWUv4gMCa26g12W6e",
      "eventQueue": "H1gJZngRXUtj7N91xnnydC39XqmbU8d2jQZxwqSf21jX",
      "bids": "ELwx9pggHdz9CKDpnyCg6L1b8U67WPGsQ4TTbNsLjZJc",
      "asks": "Gr9rsX5uGCTDbhSPzCfrzufSt1mTCggSJAgPfwhBBX1r"
    }
  ],
  "mainnet": [
    {
      "symbol": "BTC/USDC",
      "market": "A8YFbxQYFVqKZaoYJLLUVcQiWP7G2MeEgW5wsAQgMvFw",
      "baseMint": "9n4nbM75f5Ui33ZbPYXn59EwSgE8CGsHtAeTH5YFeJ9E",
      "baseSymbol": "BTC",
      "baseDecimals": 6,
      "quoteMint": "EPjFWdd5AufqSSqeM2qN1xzybapC8G4wEGGkZwyTDt1v",
      "quoteSymbol": "USDC",
      "quoteDecimals": 6,
      "requestQueue": "H6UaUrNVELJgTqao1CNL4252kShLKSfwoboT8tF7HNtB",
      "eventQueue": "6NQqaa48SnBBJZt9HyVPngcZFW81JfDv9EjRX2M4WkbP",
      "bids": "6wLt7CX1zZdFpa6uGJJpZfzWvG6W9rxXjquJDYiFwf9K",
      "asks": "6EyVXMMA58Nf6MScqeLpw1jS12RCpry23u9VMfy8b65Y"
    },
    {
      "symbol": "COPE/USDC",
      "market": "6fc7v3PmjZG9Lk2XTot6BywGyYLkBQuzuFKd4FpCsPxk",
      "baseMint": "8HGyAAB1yoM1ttS7pXjHMa3dukTFGQggnFFH3hJZgzQh",
      "baseSymbol": "COPE",
      "baseDecimals": 6,
      "quoteMint": "EPjFWdd5AufqSSqeM2qN1xzybapC8G4wEGGkZwyTDt1v",
      "quoteSymbol": "USDC",
      "quoteDecimals": 6,
      "requestQueue": "DsCFDtzHPFCwqUfe3aarTTYyQCF4iJHyfXQUgo4a2DfU",
      "eventQueue": "2dQ1Spgc7rGSuE1t3Fb9RL7zvGc7F7pH9XwJ46u3QiJr",
      "bids": "FLjCjU5wLUsqF6FeYJaH5JtTTFSTZzTCingxN1uyr9zn",
      "asks": "7TcstD7AdWqjuFoRVK24zFv66v1qyMYDNDT1V5RNWKRz"
    },
    {
      "symbol": "ETH/USDC",
      "market": "4tSvZvnbyzHXLMTiFonMyxZoHmFqau1XArcRCVHLZ5gX",
      "baseMint": "2FPyTwcZLUg1MDrwsyoP4D6s1tM7hAkHYRjkNb5w6Pxk",
      "baseSymbol": "ETH",
      "baseDecimals": 6,
      "quoteMint": "EPjFWdd5AufqSSqeM2qN1xzybapC8G4wEGGkZwyTDt1v",
      "quoteSymbol": "USDC",
      "quoteDecimals": 6,
      "requestQueue": "6yJsfduT4Av6xaECAoXf4cXHaQQYjf78D1FG3WDyuxdr",
      "eventQueue": "Eac7hqpaZxiBtG4MdyKpsgzcoVN6eMe9tAbsdZRYH4us",
      "bids": "8tFaNpFPWJ8i7inhKSfAcSestudiFqJ2wHyvtTfsBZZU",
      "asks": "2po4TC8qiTgPsqcnbf6uMZRMVnPBzVwqqYfHP15QqREU"
    },
    {
      "symbol": "FTT/USDC",
      "market": "2Pbh1CvRVku1TgewMfycemghf6sU9EyuFDcNXqvRmSxc",
      "baseMint": "AGFEad2et2ZJif9jaGpdMixQqvW5i81aBdvKe7PHNfz3",
      "baseSymbol": "FTT",
      "baseDecimals": 6,
      "quoteMint": "EPjFWdd5AufqSSqeM2qN1xzybapC8G4wEGGkZwyTDt1v",
      "quoteSymbol": "USDC",
      "quoteDecimals": 6,
      "requestQueue": "2ncWnY9QuCdNAX4gLutkNoKr9R1owDY1bhLLV1yH8Ukf",
      "eventQueue": "2XHxua6ZaPKpCGUNvSvTwc9teJBmexp8iMWCLu4mtzGb",
      "bids": "9HTDV2r7cQBUKL3fgcJZCUfmJsKA9qCP7nZAXyoyaQou",
      "asks": "EpnUJCMCQNZi45nCBoNs6Bugy67Kj3bCSTLYPfz6jkYH"
    },
    {
      "symbol": "MNGO/USDC",
      "market": "3d4rzwpy9iGdCZvgxcu7B1YocYffVLsQXPXkBZKt2zLc",
      "baseMint": "MangoCzJ36AjZyKwVj3VnYU4GTonjfVEnJmvvWaxLac",
      "baseSymbol": "MNGO",
      "baseDecimals": 6,
      "quoteMint": "EPjFWdd5AufqSSqeM2qN1xzybapC8G4wEGGkZwyTDt1v",
      "quoteSymbol": "USDC",
      "quoteDecimals": 6,
      "requestQueue": "EgafUKwVAmEj2czrt7HkWnZJLZSAK9BDN5aGQpLypAys",
      "eventQueue": "H1VVmwbM96BiBJq46zubSBm6VBhfM2FUhLVUqKGh1ee9",
      "bids": "3nAdH9wTEhPoW4e2s8K2cXfn4jZH8FBCkUqtzWpsZaGb",
      "asks": "HxbWm3iabHEFeHG9LVGYycTwn7aJVYYHbpQyhZhAYnfn"
    },
    {
      "symbol": "MSOL/USDC",
      "market": "6oGsL2puUgySccKzn9XA9afqF217LfxP5ocq4B3LWsjy",
      "baseMint": "mSoLzYCxHdYgdzU16g5QSh3i5K3z3KZK7ytfqcJm7So",
      "baseSymbol": "MSOL",
      "baseDecimals": 9,
      "quoteMint": "EPjFWdd5AufqSSqeM2qN1xzybapC8G4wEGGkZwyTDt1v",
      "quoteSymbol": "USDC",
      "quoteDecimals": 6,
      "requestQueue": "EHUoDPVVKR5Udp4EZPb4bsHZte5EEHc1PPTPXBgJEPEK",
      "eventQueue": "BC8Tdzz7rwvuYkJWKnPnyguva27PQP5DTxosHVQrEzg9",
      "bids": "8qyWhEcpuvEsdCmY1kvEnkTfgGeWHmi73Mta5jgWDTuT",
      "asks": "PPnJy6No31U45SVSjWTr45R8Q73X6bNHfxdFqr2vMq3"
    },
    {
      "symbol": "RAY/USDC",
      "market": "2xiv8A5xrJ7RnGdxXB42uFEkYHJjszEhaJyKKt4WaLep",
      "baseMint": "4k3Dyjzvzp8eMZWUXbBCjEvwSkkk59S5iCNLY3QrkX6R",
      "baseSymbol": "RAY",
      "baseDecimals": 6,
      "quoteMint": "EPjFWdd5AufqSSqeM2qN1xzybapC8G4wEGGkZwyTDt1v",
      "quoteSymbol": "USDC",
      "quoteDecimals": 6,
      "requestQueue": "39mE6bYktM1XAKKmB6WN971X3Sa1yGkHxtCTWMkVrwN2",
      "eventQueue": "H9dZt8kvz1Fe5FyRisb77KcYTaN8LEbuVAfJSnAaEABz",
      "bids": "Hf84mYadE1VqSvVWAvCWc9wqLXak4RwXiPb4A91EAUn5",
      "asks": "DC1HsWWRCXVg3wk2NndS5LTbce3axwUwUZH1RgnV4oDN"
    },
    {
      "symbol": "SOL/USDC",
      "market": "9wFFyRfZBsuAha4YcuxcXLKwMxJR43S7fPfQLusDBzvT",
      "baseMint": "So11111111111111111111111111111111111111112",
      "baseSymbol": "SOL",
      "baseDecimals": 9,
      "quoteMint": "EPjFWdd5AufqSSqeM2qN1xzybapC8G4wEGGkZwyTDt1v",
      "quoteSymbol": "USDC",
      "quoteDecimals": 6,
      "requestQueue": "AZG3tFCFtiCqEwyardENBQNpHqxgzbMw8uKeZEw2nRG5",
      "eventQueue": "5KKsLVU6TcbVDK4BS6K1DGDxnh4Q9xjYJ8XaDCG5t8ht",
      "bids": "14ivtgssEBoBjuZJtSAPKYgpUK7DmnSwuPMqJoVTSgKJ",
      "asks": "CEQdAFKdycHugujQg9k2wbmxjcpdYZyVLfV9WerTnafJ"
    },
    {
      "symbol": "SRM/USDC",
      "market": "ByRys5tuUWDgL73G8JBAEfkdFf8JWBzPBDHsBVQ5vbQA",
      "baseMint": "SRMuApVNdxXokk5GT7XD5cUUgXMBCoAz2LHeuAoKWRt",
      "baseSymbol": "SRM",
      "baseDecimals": 6,
      "quoteMint": "EPjFWdd5AufqSSqeM2qN1xzybapC8G4wEGGkZwyTDt1v",
      "quoteSymbol": "USDC",
      "quoteDecimals": 6,
      "requestQueue": "Hr8Z93aWe4hhJbC5i7YTsPaSToziVh3vyMfv9GRqKFCh",
      "eventQueue": "6o44a9xdzKKDNY7Ff2Qb129mktWbsCT4vKJcg2uk41uy",
      "bids": "AuL9JzRJ55MdqzubK4EutJgAumtkuFcRVuPUvTX39pN8",
      "asks": "8Lx9U9wdE3afdqih1mCAXy3unJDfzSaXFqAvoLMjhwoD"
    },
    {
      "symbol": "USDT/USDC",
      "market": "77quYg4MGneUdjgXCunt9GgM1usmrxKY31twEy3WHwcS",
      "baseMint": "Es9vMFrzaCERmJfrF4H2FYD4KCoNkY11McCe8BenwNYB",
      "baseSymbol": "USDT",
      "baseDecimals": 6,
      "quoteMint": "EPjFWdd5AufqSSqeM2qN1xzybapC8G4wEGGkZwyTDt1v",
      "quoteSymbol": "USDC",
      "quoteDecimals": 6,
      "requestQueue": "6ynRqgHCKEGSP4YZUmt2ybZhEU3BML9ABd6Tsz49hCnY",
      "eventQueue": "9MgPMkdEHFX7DZaitSh6Crya3kCCr1As6JC75bm3mjuC",
      "bids": "37m9QdvxmKRdjm3KKV2AjTiGcXMfWHQpVFnmhtb289yo",
      "asks": "AQKXXC29ybqL8DLeAVNt3ebpwMv8Sb4csberrP6Hz6o5"
    }
  ]
}
