{
  "devnet": [
    {
      "symbol": "BTC",
      "mint": "3UNBZ6o52WTWwjac2kPUb4FyodhU1vFkRJheu1Sh2TvU",
      "decimals": 6
    },
    {
      "symbol": "ETH",
      "mint": "Cu84KB3tDL6SbFgToHMLYVDJJXdJjenNzSKikeAvzmkA",
      "decimals": 6
    },
    {
      "symbol": "MNGO",
      "mint": "Bb9bsTQa1bGEtQ5KagGkvSHyuLqDWumFUcRqFusFNJWC",
      "decimals": 6
    },
    {
      "symbol": "RAY",
      "mint": "3YFQ7UYJ7sNGpXTKBxM3bYLVxKpzVudXAe4gLExh5b3n",
      "decimals": 6
    },
    {
      "symbol": "SOL",
      "mint": "So11111111111111111111111111111111111111112",
      "decimals": 9
    },
    {
      "symbol": "SRM",
      "mint": "AvtB6w9xboLwA145E221vhof5TddhqsChYcx7Fy3xVMH",
      "decimals": 6
    },
    {
      "symbol": "USDC",
      "mint": "8FRFC6MoGGkMFQwngccyu69VnYbzykGeez7ignHVAFSN",
      "decimals": 6
    },
    {
      "symbol": "USDT",
      "mint": "DAwBSXe6w9g37wdE2tCrFbho3QHKZi4PjuBytQCULap2",
      "decimals": 6
    }
  ],
  "mainnet": [
    {
      "symbol": "BTC",
      "mint": "9n4nbM75f5Ui33ZbPYXn59EwSgE8CGsHtAeTH5YFeJ9E",
      "decimals": 6
    },
    {
      "symbol": "ETH",
      "mint": "2FPyTwcZLUg1MDrwsyoP4D6s1tM7hAkHYRjkNb5w6Pxk",
      "decimals": 6
    },
    {
      "symbol": "MNGO",
      "mint": "MangoCzJ36AjZyKwVj3VnYU4GTonjfVEnJmvvWaxLac",
      "decimals": 6
    },
    {
      "symbol": "RAY",
      "mint": "4k3Dyjzvzp8eMZWUXbBCjEvwSkkk59S5iCNLY3QrkX6R",
      "decimals": 6
    },
    {
      "symbol": "SOL",
      "mint": "So11111111111111111111111111111111111111112",
      "decimals": 9
    },
    {
      "symbol": "SRM",
      "mint": "SRMuApVNdxXokk5GT7XD5cUUgXMBCoAz2LHeuAoKWRt",
      "decimals": 6
    },
    {
      "symbol": "USDC",
      "mint": "EPjFWdd5AufqSSqeM2qN1xzybapC8G4wEGGkZwyTDt1v",
      "decimals": 6
    },
    {
      "symbol": "USDT",
      "mint": "Es9vMFrzaCERmJfrF4H2FYD4KCoNkY11McCe8BenwNYB",
      "decimals": 6
    }
  ]
}
